<?xml version="1.0" encoding="UTF-8"?>
    <Configuration status="INFO">
    <Appenders>
        <Console name="Console" target="SYSTEM_OUT">
            <PatternLayout pattern="%d{HH:mm:ss.SSS} [%t] %-5level %logger{36} - %msg%n"/>
        </Console>
<!--        <File name="FileAppendTrue" fileName="logs/logAppendTrue.log" append="true">-->
<!--            <PatternLayout>-->
<!--                <Pattern>%d{HH:mm:ss.SSS} [%t] %-5level - %msg%n</Pattern>-->
<!--            </PatternLayout>-->
<!--        </File>-->
<!--        <File name="FileAppendFalse" fileName="logs/logAppendFalse.log" append="false">-->
<!--            <PatternLayout>-->
<!--                <Pattern>%d %p %c{1.} [%t] %m%n</Pattern>-->
<!--            </PatternLayout>-->
<!--        </File>-->
        <Console name="ConsoleHTML" target="SYSTEM_OUT">
            <HTMLLayout>
            </HTMLLayout>
        </Console>
        <File name="FileHTML" fileName="logs/log.html" append="false">
            <HTMLLayout>
            </HTMLLayout>
        </File>
    </Appenders>
    <Loggers>
        <Root level="info">
            <AppenderRef ref="FileHTML"/>
        </Root>
    </Loggers>
</Configuration>