{
  "project_info": {
    "project_number": "834076877454",
    "project_id": "paises-2fe27",
    "storage_bucket": "paises-2fe27.appspot.com"
  },
  "client": [
    {
      "client_info": {
        "mobilesdk_app_id": "1:834076877454:android:3ddd763f61b92d7dd29fdf",
        "android_client_info": {
          "package_name": "com.example.persistencia"
        }
      },
      "oauth_client": [],
      "api_key": [
        {
          "current_key": "AIzaSyBSV-WseuzP0woQq9GHtcxRlfojq1gd0kA"
        }
      ],
      "services": {
        "appinvite_service": {
          "other_platform_oauth_client": []
        }
      }
    },
    {
      "client_info": {
        "mobilesdk_app_id": "1:834076877454:android:478060e90ea9112bd29fdf",
        "android_client_info": {
          "package_name": "com.example.searchview"
        }
      },
      "oauth_client": [],
      "api_key": [
        {
          "current_key": "AIzaSyBSV-WseuzP0woQq9GHtcxRlfojq1gd0kA"
        }
      ],
      "services": {
        "appinvite_service": {
          "other_platform_oauth_client": []
        }
      }
    }
  ],
  "configuration_version": "1"
}