use alumno;
CREATE TABLE AGENTES
(   
 CODIGO_AGENTE INT NOT NULL,
 NOMBRE_AGENTE VARCHAR (40) NOT NULL,
 FRASE_CLAVE  VARCHAR (60) NOT NULL,
 CONSTRAINT PK_AGENTES PRIMARY KEY (CODIGO_AGENTE) 
);


INSERT INTO AGENTES
VALUES (1, 'Jose Luis Torrente', 'El Cuerpo ya no tiene la suerte de tenerme entre sus filas');

INSERT INTO AGENTES
VALUES (2, 'Jason Bourne', 'Me acuerdo de todo');

INSERT INTO AGENTES
VALUES (3, 'James Bond', 'Excelente. Da para una copa');

INSERT INTO AGENTES
VALUES (4, 'Harry Tasker', 'Mi caballo se está cansando');

INSERT INTO AGENTES
VALUES (5, 'John MccLane', 'NNNNNNNNK!!!. Lo siento Hans, no es correcto');

INSERT INTO AGENTES
VALUES (6, 'Casey Ryback', 'También sé cocinar');

INSERT INTO AGENTES
VALUES (7, 'Ethan Hunt', 'No desde que una bomba voló el Kremlin');

INSERT INTO AGENTES
VALUES (8, 'John Rambo', 'Están todos muertos, señor');

INSERT INTO AGENTES
VALUES (9, 'Bryan Mills', 'Lo que sí tengo es una serie de habilidades concretas');



use alumno;
CREATE TABLE TARJETAS_TELEFONICAS
(   
 NUMERO_SIM              INT (9) NOT NULL,
 CODIGO_AGENTE_ASOCIADO INT     NOT NULL, 
 CONSTRAINT PK_TARJETAS_TELEFONICAS PRIMARY KEY (NUMERO_SIM),
 CONSTRAINT FK_AGENTE  FOREIGN KEY (CODIGO_AGENTE_ASOCIADO) REFERENCES AGENTES (CODIGO_AGENTE)
);


INSERT INTO TARJETAS_TELEFONICAS
VALUES (606252627, 1);

INSERT INTO TARJETAS_TELEFONICAS
VALUES (606252628, 1);

INSERT INTO TARJETAS_TELEFONICAS
VALUES (607254587, 2);

INSERT INTO TARJETAS_TELEFONICAS
VALUES (607254588, 2);

INSERT INTO TARJETAS_TELEFONICAS
VALUES (607547877, 3);

INSERT INTO TARJETAS_TELEFONICAS
VALUES (607547878, 3);

INSERT INTO TARJETAS_TELEFONICAS
VALUES (607528877, 4);

INSERT INTO TARJETAS_TELEFONICAS
VALUES (607528878, 4);

INSERT INTO TARJETAS_TELEFONICAS
VALUES (604201420, 5);

INSERT INTO TARJETAS_TELEFONICAS
VALUES (604201421, 5);

INSERT INTO TARJETAS_TELEFONICAS
VALUES (617854133, 6);

INSERT INTO TARJETAS_TELEFONICAS
VALUES (617854134, 6);

INSERT INTO TARJETAS_TELEFONICAS
VALUES (610587431, 7);

INSERT INTO TARJETAS_TELEFONICAS
VALUES (610587435, 7);

INSERT INTO TARJETAS_TELEFONICAS
VALUES (633478750, 8);

INSERT INTO TARJETAS_TELEFONICAS
VALUES (633478756, 8);

INSERT INTO TARJETAS_TELEFONICAS
VALUES (617478392, 9);

INSERT INTO TARJETAS_TELEFONICAS
VALUES (617478396, 9);




use alumno;
CREATE TABLE LLAMADAS_EMITIDAS
(   
 CODIGO_LLAMADA    INT (24) NOT NULL,
 SIM_LLAMANTE      INT (9)  NOT NULL,
 NUMERO_LLAMADO    INT (9)  NOT NULL,
 DURACION_LLAMADA  INT (6)  NOT NULL,
 IMPORTE_LLAMADA   FLOAT    NOT NULL, 
 CONSTRAINT PK_LLAMADAS_EMITIDAS PRIMARY KEY (CODIGO_LLAMADA),
 CONSTRAINT FK_SIM_LLAMANTE FOREIGN KEY (SIM_LLAMANTE) REFERENCES TARJETAS_TELEFONICAS (NUMERO_SIM)
);



INSERT INTO LLAMADAS_EMITIDAS
VALUES (1000000, 606252627, 968125478, 37, 0.26);

INSERT INTO LLAMADAS_EMITIDAS
VALUES (1000001, 606252627, 954122278, 122, 1.39);

INSERT INTO LLAMADAS_EMITIDAS
VALUES (1000002, 606252627, 968125478, 42, 0.39);

INSERT INTO LLAMADAS_EMITIDAS
VALUES (1000003, 606252627, 954122278, 67, 1.12);


INSERT INTO LLAMADAS_EMITIDAS
VALUES (1000004, 606252628, 971125478, 337, 2.26);

INSERT INTO LLAMADAS_EMITIDAS
VALUES (1000005, 606252628, 963122278, 102, 1.39);

INSERT INTO LLAMADAS_EMITIDAS
VALUES (1000006, 606252628, 915125478, 40, 0.28);

INSERT INTO LLAMADAS_EMITIDAS
VALUES (1000007, 606252628, 929122278, 33, 0.23);


INSERT INTO LLAMADAS_EMITIDAS
VALUES (1000008, 607254587, 971545478, 317, 2.26);

INSERT INTO LLAMADAS_EMITIDAS
VALUES (1000009, 607254587, 963121378, 192, 1.39);

INSERT INTO LLAMADAS_EMITIDAS
VALUES (1000010, 607254587, 915155478, 36, 0.28);

INSERT INTO LLAMADAS_EMITIDAS
VALUES (1000011, 607254587, 929102278, 42, 0.23);

INSERT INTO LLAMADAS_EMITIDAS
VALUES (1000012, 607254588, 971874478, 317, 2.26);

INSERT INTO LLAMADAS_EMITIDAS
VALUES (1000013, 607254588, 963120208, 192, 1.39);

INSERT INTO LLAMADAS_EMITIDAS
VALUES (1000014, 607254588, 916255478, 36, 0.28);

INSERT INTO LLAMADAS_EMITIDAS
VALUES (1000015, 607254588, 912102278, 42, 0.23);


INSERT INTO LLAMADAS_EMITIDAS
VALUES (1000016, 607547877, 971554478, 317, 2.16);

INSERT INTO LLAMADAS_EMITIDAS
VALUES (1000017, 607547877, 963163578, 192, 1.59);

INSERT INTO LLAMADAS_EMITIDAS
VALUES (1000018, 607547877, 958155478, 38, 0.64);

INSERT INTO LLAMADAS_EMITIDAS
VALUES (1000019, 607547877, 929102256, 45, 0.93);

INSERT INTO LLAMADAS_EMITIDAS
VALUES (1000020, 607547878, 971541278, 317, 2.26);

INSERT INTO LLAMADAS_EMITIDAS
VALUES (1000021, 607547878, 963154128, 192, 1.39);

INSERT INTO LLAMADAS_EMITIDAS
VALUES (1000022, 607547878, 953255478, 36, 0.28);

INSERT INTO LLAMADAS_EMITIDAS
VALUES (1000023, 607547878, 929105412, 42, 0.23);


INSERT INTO LLAMADAS_EMITIDAS
VALUES (1000024, 607528877, 971544478, 317, 2.26);

INSERT INTO LLAMADAS_EMITIDAS
VALUES (1000025, 607528877, 963112578, 192, 1.53);

INSERT INTO LLAMADAS_EMITIDAS
VALUES (1000026, 607528877, 958132578, 38, 0.23);

INSERT INTO LLAMADAS_EMITIDAS
VALUES (1000027, 607528877, 929104586, 12, 0.19);


INSERT INTO LLAMADAS_EMITIDAS
VALUES (1000028, 607528878, 971244478, 37, 2.16);

INSERT INTO LLAMADAS_EMITIDAS
VALUES (1000029, 607528878, 624112578, 12, 1.73);

INSERT INTO LLAMADAS_EMITIDAS
VALUES (1000030, 607528878, 621132578, 368, 2.23);

INSERT INTO LLAMADAS_EMITIDAS
VALUES (1000031, 607528878, 603104586, 112, 1.19);


INSERT INTO LLAMADAS_EMITIDAS
VALUES (1000032, 604201420, 654544478, 37, 2.16);

INSERT INTO LLAMADAS_EMITIDAS
VALUES (1000033, 604201420, 963141078, 192, 1.23);

INSERT INTO LLAMADAS_EMITIDAS
VALUES (1000034, 604201420, 951022578, 38, 0.13);

INSERT INTO LLAMADAS_EMITIDAS
VALUES (1000035, 604201420, 602104586, 12, 0.29);


INSERT INTO LLAMADAS_EMITIDAS
VALUES (1000036, 604201421, 655424478, 37, 2.16);

INSERT INTO LLAMADAS_EMITIDAS
VALUES (1000037, 604201421, 963132578, 12, 0.23);

INSERT INTO LLAMADAS_EMITIDAS
VALUES (1000038, 604201421, 951125578, 37, 0.43);

INSERT INTO LLAMADAS_EMITIDAS
VALUES (1000039, 604201421, 602325586, 34, 1.29);


INSERT INTO LLAMADAS_EMITIDAS
VALUES (1000040, 617854133, 644544478, 47, 2.26);

INSERT INTO LLAMADAS_EMITIDAS
VALUES (1000041, 617854133, 925441078, 12, 0.63);

INSERT INTO LLAMADAS_EMITIDAS
VALUES (1000042, 617854133, 621022578, 42, 1.23);

INSERT INTO LLAMADAS_EMITIDAS
VALUES (1000043, 617854133, 606109586, 72, 1.77);


INSERT INTO LLAMADAS_EMITIDAS
VALUES (1000044, 617854134, 950544478, 27, 2.16);

INSERT INTO LLAMADAS_EMITIDAS
VALUES (1000045, 617854134, 925421078, 36, 0.63);

INSERT INTO LLAMADAS_EMITIDAS
VALUES (1000046, 617854134, 621522578, 59, 1.13);

INSERT INTO LLAMADAS_EMITIDAS
VALUES (1000047, 617854134, 606654586, 12, 1.97);

INSERT INTO LLAMADAS_EMITIDAS
VALUES (1000048, 610587431, 602544478, 47, 2.26);

INSERT INTO LLAMADAS_EMITIDAS
VALUES (1000049, 610587431, 602544478, 12, 0.73);

INSERT INTO LLAMADAS_EMITIDAS
VALUES (1000050, 610587431, 602544478, 122, 3.23);

INSERT INTO LLAMADAS_EMITIDAS
VALUES (1000051, 610587431, 602544478, 972, 9.89);

INSERT INTO LLAMADAS_EMITIDAS
VALUES (1000052, 610587435, 652321458, 57, 2.26);

INSERT INTO LLAMADAS_EMITIDAS
VALUES (1000053, 610587435, 652321458, 22, 0.73);

INSERT INTO LLAMADAS_EMITIDAS
VALUES (1000054, 610587435, 652321458, 222, 3.23);

INSERT INTO LLAMADAS_EMITIDAS
VALUES (1000055, 610587435, 652321458, 82, 1.89);


INSERT INTO LLAMADAS_EMITIDAS
VALUES (1000056, 633478750, 972125697, 57, 2.26);

INSERT INTO LLAMADAS_EMITIDAS
VALUES (1000057, 633478750, 972546697, 62, 0.73);

INSERT INTO LLAMADAS_EMITIDAS
VALUES (1000058, 633478750, 969825697, 12, 3.23);

INSERT INTO LLAMADAS_EMITIDAS
VALUES (1000059, 633478750, 658125697, 72, 9.89);


INSERT INTO LLAMADAS_EMITIDAS
VALUES (1000060, 633478756, 972156497, 74, 2.26);

INSERT INTO LLAMADAS_EMITIDAS
VALUES (1000061, 633478756, 972512597, 26, 0.73);

INSERT INTO LLAMADAS_EMITIDAS
VALUES (1000062, 633478756, 969846697, 21, 3.23);

INSERT INTO LLAMADAS_EMITIDAS
VALUES (1000063, 633478756, 658126597, 78, 9.89);


INSERT INTO LLAMADAS_EMITIDAS
VALUES (1000064, 617478392, 954225697, 34, 1.26);

INSERT INTO LLAMADAS_EMITIDAS
VALUES (1000065, 617478392, 972265697, 22, 0.98);

INSERT INTO LLAMADAS_EMITIDAS
VALUES (1000066, 617478392, 605825697, 34, 2.15);

INSERT INTO LLAMADAS_EMITIDAS
VALUES (1000067, 617478392, 607125697, 98, 2.67);


INSERT INTO LLAMADAS_EMITIDAS
VALUES (1000068, 617478396, 954325697, 43, 1.16);

INSERT INTO LLAMADAS_EMITIDAS
VALUES (1000069, 617478396, 607265697, 32, 1.53);

INSERT INTO LLAMADAS_EMITIDAS
VALUES (1000070, 617478396, 915825697, 56, 2.04);

INSERT INTO LLAMADAS_EMITIDAS
VALUES (1000071, 617478396, 688125697, 89, 4.19);