<?xml version="1.0" encoding="UTF-8"?>
<project-private xmlns="http://www.netbeans.org/ns/project-private/1">
    <editor-bookmarks xmlns="http://www.netbeans.org/ns/editor-bookmarks/2" lastBookmarkId="0"/>
    <open-files xmlns="http://www.netbeans.org/ns/projectui-open-files/2">
        <group>
            <file>file:/C:/Users/dioni/OneDrive/Documentos/ACCESODATOS/presencial/modelo%20de%20ficheros/CLASE/JDBC_aplicacion/src/jdbc_aplicacion/MantenimientoLocalidad.java</file>
            <file>file:/C:/Users/dioni/OneDrive/Documentos/ACCESODATOS/presencial/modelo%20de%20ficheros/CLASE/JDBC_aplicacion/src/jdbc_aplicacion/MantenimientoEmpleado.java</file>
            <file>file:/C:/Users/dioni/OneDrive/Documentos/ACCESODATOS/presencial/modelo%20de%20ficheros/CLASE/JDBC_aplicacion/src/jdbc_aplicacion/JDBC_aplicacion.java</file>
            <file>file:/C:/Users/dioni/OneDrive/Documentos/ACCESODATOS/presencial/modelo%20de%20ficheros/CLASE/JDBC_aplicacion/src/jdbc_aplicacion/MantenimientoPub.java</file>
        </group>
    </open-files>
</project-private>
