<?xml version="1.0" encoding="UTF-8"?>
<project-private xmlns="http://www.netbeans.org/ns/project-private/1">
    <editor-bookmarks xmlns="http://www.netbeans.org/ns/editor-bookmarks/2" lastBookmarkId="0"/>
    <open-files xmlns="http://www.netbeans.org/ns/projectui-open-files/2">
        <group>
            <file>file:/C:/Users/dioni/OneDrive/Documentos/ACCESODATOS/presencial/modelo%20de%20ficheros/JDBC_JAVA/src/BD/gestion_basedatos.java</file>
            <file>file:/C:/Users/dioni/OneDrive/Documentos/ACCESODATOS/presencial/modelo%20de%20ficheros/JDBC_JAVA/src/jdbc_java/BaseDatos.java</file>
            <file>file:/C:/Users/dioni/OneDrive/Documentos/ACCESODATOS/presencial/modelo%20de%20ficheros/JDBC_JAVA/src/jdbc_java/JDBC_JAVA.java</file>
        </group>
    </open-files>
</project-private>
